<?xml version="1.0" encoding="UTF-8"?>

<REPORT>
	<template file="mexdListSingle.html"/>
	
	<PARAMETER id="paramDirectory" name="directory" default=""/>
	<PARAMETER id="paramLanguage" name="language" default=""/>
	<PARAMETER id="paramCSS" name="theme" attribute="href" replace="Default"/>
	<PARAMETER id="paramKey" name="key" attribute="value" replaceCharacters="htmlPreformated"/>
	<PARAMETER id="paramName" name="name" attribute="value" replaceCharacters="htmlPreformated"/>
	<PARAMETER id="grid" name="grid" attribute="numrows" />
	<PARAMETER id="grid" name="grid_Offset" attribute="offset" />
	<PARAMETER id="grid" name="grid_SortCols" attribute="sortcols" />
	<PARAMETER id="grid" name="grid_SortDirs" attribute="sortdirs" />
	<PARAMETER id="grid" name="grid_Default" attribute="defaultrow" />

	<PARAMETER id="jsFocusOnField" name="jsFocusOnField" />
	<DISCARD id="discard"/>
</REPORT>
